Date,Open,High,Low,Close,Volume,Adj Close
2011-02-07,3.87,4.30,3.83,4.16,3984200,4.16
2011-02-04,2.95,4.23,2.60,3.68,15593300,3.68
2011-02-03,1.54,1.57,1.50,1.53,110700,1.53
2011-02-02,1.52,1.59,1.51,1.55,149900,1.55
2011-02-01,1.51,1.59,1.50,1.51,225400,1.51
2011-01-31,1.55,1.61,1.50,1.61,188600,1.61
2011-01-28,1.71,1.71,1.50,1.53,368400,1.53
2011-01-27,1.55,1.69,1.50,1.64,602700,1.64
2011-01-26,1.24,1.50,1.22,1.50,766700,1.50
2011-01-25,1.51,1.56,1.13,1.27,1162600,1.27
2011-01-24,1.56,1.59,1.53,1.53,462500,1.53
2011-01-21,1.71,1.74,1.58,1.60,215800,1.60
2011-01-20,1.63,1.73,1.61,1.63,357100,1.63
2011-01-19,1.67,1.67,1.59,1.65,456500,1.65
2011-01-18,1.74,1.75,1.60,1.68,512900,1.68
2011-01-14,1.74,1.74,1.62,1.69,1133100,1.69
2011-01-13,1.91,1.91,1.69,1.75,1324200,1.75
2011-01-12,1.90,2.04,1.62,1.83,2780700,1.83
2011-01-11,2.16,2.32,2.15,2.28,609000,2.28
2011-01-10,2.15,2.25,2.15,2.15,632300,2.15
2011-01-07,2.50,2.52,2.00,2.15,1491800,2.15
2011-01-06,2.59,2.70,2.51,2.52,256100,2.52
2011-01-05,2.55,2.59,2.48,2.58,339700,2.58
2011-01-04,2.60,2.68,2.51,2.57,367600,2.57
2011-01-03,2.58,2.66,2.51,2.60,232600,2.60
2010-12-31,2.48,2.61,2.48,2.55,159600,2.55
2010-12-30,2.50,2.56,2.47,2.50,139900,2.50
2010-12-29,2.59,2.59,2.50,2.52,216400,2.52
2010-12-28,2.70,2.70,2.59,2.60,153300,2.60
2010-12-27,2.57,2.69,2.55,2.66,122300,2.66
2010-12-23,2.64,2.65,2.57,2.62,111700,2.62
2010-12-22,2.55,2.65,2.52,2.65,119400,2.65
2010-12-21,2.54,2.61,2.47,2.51,164100,2.51
2010-12-20,2.69,2.69,2.51,2.52,186600,2.52
2010-12-17,2.45,2.70,2.39,2.70,163000,2.70
2010-12-16,2.40,2.48,2.36,2.47,161800,2.47
2010-12-15,2.44,2.44,2.35,2.41,83900,2.41
2010-12-14,2.37,2.44,2.37,2.41,103400,2.41
2010-12-13,2.42,2.42,2.32,2.38,144200,2.38
2010-12-10,2.43,2.44,2.37,2.42,126200,2.42
2010-12-09,2.50,2.51,2.44,2.44,102100,2.44
2010-12-08,2.44,2.50,2.43,2.46,67200,2.46
2010-12-07,2.48,2.50,2.44,2.44,124300,2.44
2010-12-06,2.55,2.55,2.43,2.48,206100,2.48
2010-12-03,2.58,2.58,2.46,2.47,257300,2.47
2010-12-02,2.49,2.62,2.43,2.58,436600,2.58
2010-12-01,2.38,2.51,2.38,2.47,367500,2.47
2010-11-30,2.38,2.45,2.29,2.40,250000,2.40
2010-11-29,2.35,2.40,2.26,2.36,314600,2.36
2010-11-26,2.41,2.47,2.35,2.35,102800,2.35
2010-11-24,2.40,2.49,2.40,2.44,199600,2.44
2010-11-23,2.34,2.43,2.29,2.40,172600,2.40
2010-11-22,2.40,2.41,2.30,2.39,223000,2.39
2010-11-19,2.44,2.51,2.33,2.40,396600,2.40
2010-11-18,2.50,2.54,2.45,2.50,438600,2.50
2010-11-17,2.13,2.50,2.11,2.42,1168800,2.42
2010-11-16,2.08,2.25,1.93,2.11,1166000,2.11
2010-11-15,2.24,2.24,2.08,2.11,461400,2.11
2010-11-12,2.34,2.37,2.16,2.24,452900,2.24
2010-11-11,2.42,2.42,2.33,2.37,113500,2.37
2010-11-10,2.44,2.49,2.39,2.44,155100,2.44
2010-11-09,2.35,2.49,2.31,2.42,284700,2.42
2010-11-08,2.30,2.35,2.25,2.33,202100,2.33
2010-11-05,2.34,2.35,2.30,2.32,199300,2.32
2010-11-04,2.30,2.37,2.30,2.35,170600,2.35
2010-11-03,2.24,2.30,2.24,2.25,124400,2.25
2010-11-02,2.36,2.36,2.23,2.26,260300,2.26
2010-11-01,2.40,2.40,2.18,2.36,342800,2.36
2010-10-29,2.43,2.43,2.26,2.33,311500,2.33
2010-10-28,2.58,2.61,2.25,2.45,716100,2.45
2010-10-27,2.64,2.69,2.55,2.57,129300,2.57
2010-10-26,2.62,2.65,2.56,2.62,106900,2.62
2010-10-25,2.50,2.75,2.50,2.62,268000,2.62
2010-10-22,2.51,2.57,2.44,2.55,135900,2.55
2010-10-21,2.66,2.67,2.45,2.51,437400,2.51
2010-10-20,2.74,2.74,2.60,2.68,270100,2.68
2010-10-19,2.75,2.82,2.70,2.70,401700,2.70
2010-10-18,2.85,2.88,2.75,2.76,231300,2.76
2010-10-15,2.93,2.93,2.80,2.85,285000,2.85
2010-10-14,2.95,2.95,2.80,2.85,221500,2.85
2010-10-13,2.79,2.95,2.76,2.89,730700,2.89
2010-10-12,2.72,2.76,2.65,2.74,358100,2.74
2010-10-11,2.63,2.74,2.56,2.67,466100,2.67
2010-10-08,2.51,2.57,2.49,2.56,213100,2.56
2010-10-07,2.54,2.55,2.42,2.49,162400,2.49
2010-10-06,2.55,2.60,2.50,2.54,271700,2.54
2010-10-05,2.49,2.57,2.35,2.55,539400,2.55
2010-10-04,2.36,2.48,2.24,2.48,226200,2.48
2010-10-01,2.34,2.39,2.30,2.38,164300,2.38
2010-09-30,2.37,2.39,2.28,2.34,177900,2.34
2010-09-29,2.39,2.39,2.21,2.28,412300,2.28
2010-09-28,2.09,2.49,2.05,2.40,1291200,2.40
2010-09-27,2.10,2.10,2.00,2.06,284700,2.06
2010-09-24,1.95,2.15,1.95,2.04,535200,2.04
2010-09-23,2.10,2.17,1.85,1.94,1026600,1.94
2010-09-22,2.27,2.28,2.11,2.11,287300,2.11
2010-09-21,2.30,2.34,2.18,2.24,408300,2.24
2010-09-20,2.30,2.48,2.26,2.31,487400,2.31
2010-09-17,2.20,2.38,2.20,2.30,505700,2.30
2010-09-16,2.32,2.40,2.15,2.15,663000,2.15
2010-09-15,2.50,2.50,2.33,2.35,453800,2.35
2010-09-14,2.41,2.59,2.30,2.49,1263000,2.49
2010-09-13,2.89,2.95,2.17,2.39,3475700,2.39
2010-09-10,2.45,3.26,2.42,2.94,8740800,2.94
2010-09-09,1.66,1.80,1.66,1.69,440300,1.69
2010-09-08,1.64,1.69,1.62,1.65,176800,1.65
2010-09-07,1.93,1.93,1.47,1.62,791000,1.62
2010-09-03,1.64,1.80,1.59,1.80,753600,1.80
2010-09-02,1.60,1.65,1.52,1.59,304300,1.59
2010-09-01,1.50,1.55,1.45,1.52,149100,1.52
2010-08-31,1.41,1.47,1.39,1.47,115100,1.47
2010-08-30,1.46,1.54,1.39,1.40,111100,1.40
2010-08-27,1.46,1.47,1.39,1.39,113100,1.39
2010-08-26,1.41,1.49,1.39,1.45,81900,1.45
2010-08-25,1.35,1.43,1.35,1.42,200900,1.42
2010-08-24,1.49,1.49,1.29,1.42,299000,1.42
2010-08-23,1.47,1.65,1.45,1.46,290400,1.46
2010-08-20,1.62,1.64,1.55,1.59,311500,1.59
2010-08-19,1.45,1.65,1.43,1.63,851400,1.63
2010-08-18,1.40,1.45,1.36,1.45,347400,1.45
2010-08-17,1.40,1.40,1.30,1.35,138400,1.35
2010-08-16,1.31,1.37,1.29,1.30,127500,1.30
2010-08-13,1.35,1.36,1.29,1.30,285100,1.30
2010-08-12,1.37,1.39,1.28,1.30,269300,1.30
2010-08-11,1.36,1.36,1.27,1.34,295900,1.34
2010-08-10,1.48,1.48,1.26,1.40,578000,1.40
2010-08-09,1.30,1.48,1.30,1.46,524300,1.46
2010-08-06,1.18,1.29,1.15,1.29,242400,1.29
2010-08-05,1.23,1.25,1.18,1.18,58000,1.18
2010-08-04,1.12,1.25,1.12,1.23,522100,1.23
2010-08-03,1.06,1.14,1.06,1.14,240600,1.14
2010-08-02,1.12,1.15,1.09,1.09,302300,1.09
2010-07-30,1.13,1.13,1.01,1.07,435400,1.07
2010-07-29,1.17,1.25,1.11,1.14,291400,1.14
2010-07-28,1.26,1.32,1.10,1.18,474200,1.18
2010-07-27,1.15,1.30,1.11,1.21,636300,1.21
2010-07-26,1.12,1.18,1.09,1.13,352000,1.13
2010-07-23,1.10,1.19,1.10,1.17,275800,1.17
2010-07-22,1.10,1.18,1.07,1.10,255500,1.10
2010-07-21,1.07,1.26,1.01,1.05,704800,1.05
2010-07-20,1.13,1.13,1.03,1.08,669300,1.08
2010-07-19,1.41,1.43,1.06,1.15,724700,1.15
2010-07-16,1.48,1.48,1.22,1.28,1564600,1.28
2010-07-15,1.19,1.64,1.17,1.41,3813200,1.41
2010-07-14,0.73,1.45,0.70,1.08,3881600,1.08
2010-07-13,0.64,0.73,0.64,0.70,1554700,0.70
2010-07-12,0.63,0.67,0.62,0.64,498100,0.64
2010-07-09,0.63,0.66,0.62,0.64,352200,0.64
2010-07-08,0.62,0.64,0.61,0.62,911000,0.62
2010-07-07,0.65,0.68,0.61,0.61,1713100,0.61
2010-07-06,0.73,0.73,0.65,0.65,304300,0.65
2010-07-02,0.81,0.81,0.62,0.70,990000,0.70
2010-07-01,0.87,0.87,0.78,0.82,386300,0.82
2010-06-30,0.91,0.91,0.84,0.84,303600,0.84
2010-06-29,0.81,0.89,0.81,0.85,317200,0.85
2010-06-28,0.88,0.92,0.85,0.87,304300,0.87
2010-06-25,1.03,1.03,0.85,0.88,4219900,0.88
2010-06-24,0.94,1.06,0.89,1.02,716200,1.02
2010-06-23,0.99,1.04,0.96,0.96,268800,0.96
2010-06-22,1.00,1.07,0.98,0.99,320200,0.99
2010-06-21,1.05,1.08,0.96,1.00,442200,1.00
2010-06-18,1.15,1.15,1.02,1.04,602900,1.04
2010-06-17,1.15,1.18,1.13,1.14,397400,1.14
2010-06-16,1.15,1.20,1.13,1.14,401300,1.14
2010-06-15,1.25,1.26,1.15,1.17,490500,1.17
2010-06-14,1.26,1.26,1.15,1.18,408400,1.18
2010-06-11,1.00,1.23,0.97,1.16,612400,1.16
2010-06-10,1.00,1.13,1.00,1.11,371800,1.11
2010-06-09,1.02,1.08,0.96,0.98,499700,0.98
2010-06-08,1.20,1.23,1.01,1.02,474800,1.02
2010-06-07,1.17,1.23,1.09,1.11,227900,1.11
2010-06-04,1.29,1.30,1.17,1.17,315400,1.17
2010-06-03,1.31,1.31,1.27,1.29,260400,1.29
2010-06-02,1.30,1.33,1.30,1.31,196700,1.31
2010-06-01,1.37,1.38,1.30,1.30,196200,1.30
2010-05-28,1.40,1.42,1.34,1.34,384600,1.34
2010-05-27,1.35,1.40,1.31,1.36,282300,1.36
2010-05-26,1.48,1.50,1.25,1.28,730600,1.28
2010-05-25,1.41,1.46,1.40,1.41,771600,1.41
2010-05-24,1.42,1.48,1.40,1.41,294400,1.41
2010-05-21,1.46,1.48,1.41,1.42,482400,1.42
2010-05-20,1.49,1.50,1.46,1.49,375600,1.49
2010-05-19,1.50,1.52,1.48,1.49,254200,1.49
2010-05-18,1.51,1.55,1.46,1.50,226000,1.50
2010-05-17,1.51,1.59,1.43,1.50,286200,1.50
2010-05-14,1.55,1.55,1.50,1.51,220100,1.51
2010-05-13,1.60,1.62,1.55,1.57,218400,1.57
2010-05-12,1.62,1.66,1.60,1.61,420300,1.61
2010-05-11,1.43,1.63,1.41,1.60,387600,1.60
2010-05-10,1.52,1.58,1.46,1.52,314600,1.52
2010-05-07,1.61,1.61,1.40,1.44,399500,1.44
2010-05-06,1.51,1.61,1.45,1.45,717800,1.45
2010-05-05,1.56,1.79,1.49,1.49,943100,1.49
2010-05-04,1.59,1.60,1.46,1.48,332800,1.48
2010-05-03,1.55,1.60,1.42,1.50,461500,1.50
2010-04-30,1.60,1.66,1.55,1.55,300100,1.55
2010-04-29,1.62,1.65,1.55,1.58,366100,1.58
2010-04-28,1.68,1.68,1.55,1.56,353900,1.56
2010-04-27,1.76,1.76,1.65,1.66,385400,1.66
2010-04-26,1.65,1.79,1.64,1.77,558800,1.77
2010-04-23,1.64,1.64,1.62,1.63,149600,1.63
2010-04-22,1.60,1.64,1.56,1.64,385100,1.64
2010-04-21,1.70,1.70,1.61,1.64,294900,1.64
2010-04-20,1.75,1.75,1.67,1.69,386000,1.69
2010-04-19,1.78,1.79,1.63,1.66,535800,1.66
2010-04-16,1.82,1.83,1.69,1.78,515400,1.78
2010-04-15,1.67,1.85,1.66,1.82,818000,1.82
2010-04-14,1.55,1.65,1.55,1.63,387800,1.63
2010-04-13,1.57,1.65,1.50,1.50,558400,1.50
2010-04-12,1.67,1.67,1.56,1.57,707500,1.57
2010-04-09,1.54,1.65,1.54,1.63,642100,1.63
2010-04-08,1.73,1.80,1.42,1.54,1402500,1.54
2010-04-07,1.80,1.82,1.73,1.75,352500,1.75
2010-04-06,1.84,1.90,1.80,1.80,365200,1.80
2010-04-05,1.97,1.97,1.80,1.87,1004600,1.87
2010-04-01,1.71,2.03,1.64,1.96,934700,1.96
2010-03-31,2.22,2.22,1.62,1.76,2201600,1.76
2010-03-30,2.21,2.40,2.19,2.23,734600,2.23
2010-03-29,2.12,2.29,2.10,2.20,506800,2.20
2010-03-26,2.82,2.82,2.01,2.11,2722000,2.11
2010-03-25,2.95,2.96,2.81,2.81,190500,2.81
2010-03-24,2.98,2.98,2.81,2.89,355100,2.89
2010-03-23,2.95,3.05,2.89,3.02,256000,3.02
2010-03-22,2.90,3.11,2.85,2.96,191800,2.96
2010-03-19,3.10,3.17,2.88,2.88,668100,2.88
2010-03-18,3.12,3.19,3.11,3.11,82600,3.11
2010-03-17,3.20,3.29,3.15,3.15,140000,3.15
2010-03-16,3.14,3.20,3.11,3.16,294800,3.16
2010-03-15,3.42,3.42,3.21,3.34,168200,3.34
2010-03-12,3.36,3.50,3.29,3.41,176800,3.41
2010-03-11,3.35,3.36,3.29,3.36,83800,3.36
2010-03-10,3.36,3.53,3.34,3.37,229400,3.37
2010-03-09,3.40,3.55,3.28,3.55,668600,3.55
2010-03-08,3.19,3.39,3.11,3.39,315100,3.39
2010-03-05,3.15,3.20,3.06,3.18,186400,3.18
2010-03-04,3.10,3.15,3.05,3.15,159300,3.15
2010-03-03,3.08,3.19,3.03,3.13,179100,3.13
2010-03-02,3.30,3.32,3.04,3.10,325400,3.10
2010-03-01,3.15,3.29,3.15,3.28,141400,3.28
2010-02-26,3.35,3.38,3.05,3.16,298700,3.16
2010-02-25,2.95,3.40,2.86,3.33,727400,3.33
2010-02-24,2.97,3.05,2.92,3.01,217100,3.01
2010-02-23,2.83,3.04,2.80,2.96,301300,2.96
2010-02-22,3.03,3.05,2.88,2.90,196500,2.90
2010-02-19,3.12,3.19,3.00,3.03,157300,3.03
2010-02-18,3.12,3.20,3.10,3.13,257200,3.13
2010-02-17,2.87,3.15,2.86,3.08,296600,3.08
2010-02-16,2.94,2.94,2.56,2.85,386700,2.85
2010-02-12,2.54,2.84,2.41,2.84,464700,2.84
2010-02-11,2.75,2.75,2.52,2.60,638600,2.60
2010-02-09,3.19,3.19,2.89,3.03,524900,3.03
2010-02-08,3.23,3.26,3.19,3.19,152000,3.19
2010-02-05,3.21,3.30,3.15,3.24,245100,3.24
2010-02-04,3.23,3.39,3.19,3.20,353500,3.20
2010-02-03,3.46,3.48,3.27,3.30,311700,3.30
2010-02-02,3.54,3.58,3.46,3.48,324000,3.48
2010-02-01,3.52,3.62,3.47,3.55,196100,3.55
2010-01-29,3.57,3.62,3.45,3.45,260200,3.45
2010-01-28,3.71,3.85,3.51,3.58,238800,3.58
2010-01-27,3.45,3.75,3.29,3.70,424700,3.70
2010-01-26,3.65,3.67,3.36,3.39,414300,3.39
2010-01-25,3.82,3.84,3.65,3.67,323100,3.67
2010-01-22,3.96,4.01,3.77,3.79,364000,3.79
2010-01-21,3.79,3.99,3.75,3.90,559100,3.90
2010-01-20,3.66,3.78,3.60,3.74,535500,3.74
2010-01-19,3.72,3.80,3.61,3.67,518500,3.67
2010-01-15,3.68,3.70,3.53,3.65,347900,3.65
2010-01-14,3.41,3.72,3.41,3.68,576800,3.68
2010-01-13,3.20,3.41,3.15,3.38,365000,3.38
2010-01-12,3.30,3.38,3.00,3.13,531300,3.13
2010-01-11,3.40,3.40,3.27,3.31,333400,3.31
2010-01-08,3.43,3.43,3.35,3.40,170800,3.40
2010-01-07,3.47,3.47,3.27,3.43,305000,3.43
2010-01-06,3.75,3.75,3.33,3.42,451600,3.42
2010-01-05,3.70,3.79,3.67,3.71,326600,3.71
2010-01-04,3.70,3.77,3.66,3.76,204800,3.76
2009-12-31,3.79,3.79,3.67,3.67,131600,3.67
2009-12-30,3.73,3.76,3.60,3.72,229400,3.72
2009-12-29,3.71,3.77,3.71,3.73,113700,3.73
2009-12-28,3.84,3.84,3.70,3.72,184000,3.72
2009-12-24,3.73,3.77,3.66,3.77,46900,3.77
2009-12-23,3.73,3.85,3.71,3.74,274400,3.74
2009-12-22,3.79,3.85,3.70,3.74,294700,3.74
2009-12-21,3.62,3.75,3.62,3.71,286500,3.71
2009-12-18,3.48,3.65,3.40,3.61,432500,3.61
2009-12-17,3.57,3.60,3.45,3.45,230200,3.45
2009-12-16,3.58,3.62,3.56,3.59,185800,3.59
2009-12-15,3.45,3.67,3.45,3.56,351700,3.56
2009-12-14,3.55,3.57,3.42,3.47,233600,3.47
2009-12-11,3.45,3.53,3.45,3.50,144200,3.50
2009-12-10,3.52,3.55,3.45,3.45,133800,3.45
2009-12-09,3.53,3.56,3.44,3.50,203200,3.50
2009-12-08,3.47,3.53,3.45,3.48,136700,3.48
2009-12-07,3.44,3.53,3.44,3.49,154300,3.49
2009-12-04,3.37,3.49,3.35,3.46,211900,3.46
2009-12-03,3.44,3.47,3.37,3.37,203100,3.37
2009-12-02,3.38,3.48,3.30,3.40,270500,3.40
2009-12-01,3.39,3.44,3.28,3.39,233400,3.39
2009-11-30,3.38,3.44,3.21,3.36,422800,3.36
2009-11-27,3.43,3.55,3.39,3.39,170200,3.39
2009-11-25,3.58,3.63,3.54,3.54,147700,3.54
2009-11-24,3.68,3.68,3.55,3.58,178700,3.58
2009-11-23,3.57,3.65,3.55,3.59,307000,3.59
2009-11-20,3.51,3.60,3.50,3.57,217600,3.57
2009-11-19,3.70,3.72,3.51,3.55,240500,3.55
2009-11-18,3.67,3.73,3.60,3.69,233800,3.69
2009-11-17,3.67,3.73,3.55,3.65,210400,3.65
2009-11-16,3.45,3.66,3.45,3.66,353800,3.66
2009-11-13,3.23,3.46,3.23,3.44,369300,3.44
2009-11-12,3.35,3.66,3.14,3.22,766500,3.22
2009-11-11,3.64,3.68,3.50,3.59,357600,3.59
2009-11-10,3.65,3.74,3.60,3.63,131700,3.63
2009-11-09,3.76,3.76,3.50,3.63,410000,3.63
2009-11-06,3.78,3.79,3.52,3.68,443800,3.68
2009-11-05,3.57,3.81,3.57,3.75,269100,3.75
2009-11-04,3.73,3.88,3.54,3.55,275000,3.55
2009-11-03,3.70,3.74,3.50,3.69,305400,3.69
2009-11-02,3.84,3.98,3.65,3.77,314600,3.77
2009-10-30,4.01,4.16,3.60,3.80,689600,3.80
2009-10-29,3.36,4.18,3.36,3.99,866100,3.99
2009-10-28,4.01,4.06,3.31,3.34,1136700,3.34
2009-10-27,4.58,4.58,4.05,4.06,647300,4.06
2009-10-26,4.41,4.57,4.40,4.52,493100,4.52
2009-10-23,4.33,4.60,4.33,4.48,435800,4.48
2009-10-22,4.40,4.61,4.22,4.32,609400,4.32
2009-10-21,5.02,5.04,4.35,4.44,1330000,4.44
2009-10-20,5.23,5.36,5.00,5.02,1092000,5.02
2009-10-19,4.52,5.25,4.51,5.04,1312100,5.04
2009-10-16,4.14,4.45,3.98,4.37,669000,4.37
2009-10-15,3.99,4.35,3.99,4.14,1184000,4.14
2009-10-14,3.30,3.97,3.30,3.88,789600,3.88
2009-10-13,3.45,3.53,3.25,3.28,287800,3.28
2009-10-12,3.49,3.64,3.27,3.40,525000,3.40
2009-10-09,3.15,3.45,3.10,3.45,567200,3.45
2009-10-08,3.12,3.18,3.10,3.13,182400,3.13
2009-10-07,3.14,3.18,3.05,3.10,168400,3.10
2009-10-06,3.09,3.18,3.05,3.14,314400,3.14
2009-10-05,2.99,3.15,2.95,3.06,433600,3.06
2009-10-02,2.66,2.99,2.66,2.92,298600,2.92
2009-10-01,3.06,3.12,2.70,2.88,509300,2.88
2009-09-30,3.11,3.23,3.02,3.07,303800,3.07
2009-09-29,3.25,3.25,3.10,3.10,421100,3.10
2009-09-28,3.23,3.25,3.15,3.20,359800,3.20
2009-09-25,3.12,3.23,3.00,3.14,348000,3.14
2009-09-24,3.10,3.21,3.00,3.12,328500,3.12
2009-09-23,3.20,3.25,3.01,3.09,471500,3.09
2009-09-22,3.30,3.38,2.88,3.11,716200,3.11
2009-09-21,3.03,3.31,3.00,3.29,735000,3.29
2009-09-18,2.79,2.97,2.71,2.97,480500,2.97
2009-09-17,2.80,2.82,2.76,2.78,123300,2.78
2009-09-16,2.82,2.89,2.73,2.80,197300,2.80
2009-09-15,2.91,2.91,2.77,2.80,285100,2.80
2009-09-14,2.89,3.01,2.76,2.90,281800,2.90
2009-09-11,2.91,3.05,2.85,2.90,392000,2.90
2009-09-10,2.92,3.09,2.78,2.89,474400,2.89
2009-09-09,2.59,2.89,2.58,2.81,434500,2.81
2009-09-08,2.60,2.70,2.52,2.58,244500,2.58
2009-09-04,2.89,2.89,2.60,2.64,344500,2.64
2009-09-03,2.90,3.10,2.65,2.75,644000,2.75
2009-09-02,2.20,3.10,2.15,2.84,1948200,2.84
2009-09-01,2.28,2.29,2.10,2.16,323300,2.16
2009-08-31,2.25,2.32,2.22,2.29,333700,2.29
2009-08-28,2.23,2.27,2.16,2.25,262300,2.25
2009-08-27,2.19,2.22,2.12,2.20,271200,2.20
2009-08-26,2.19,2.20,2.10,2.19,194300,2.19
2009-08-25,2.05,2.14,2.05,2.14,217100,2.14
2009-08-24,2.08,2.17,2.03,2.05,299400,2.05
2009-08-21,1.98,2.10,1.96,2.02,455600,2.02
2009-08-20,2.00,2.00,1.95,1.98,221900,1.98
2009-08-19,2.04,2.05,1.92,2.00,330800,2.00
2009-08-18,1.96,2.04,1.95,2.02,298600,2.02
2009-08-17,1.96,2.00,1.93,1.97,208100,1.97
2009-08-14,2.09,2.10,1.90,2.00,503900,2.00
2009-08-13,2.15,2.22,2.08,2.10,244800,2.10
2009-08-12,2.13,2.20,2.11,2.16,196900,2.16
2009-08-11,2.33,2.35,2.01,2.13,333700,2.13
2009-08-10,2.25,2.34,2.17,2.30,248000,2.30
2009-08-07,2.29,2.30,2.20,2.26,303900,2.26
2009-08-06,2.35,2.35,2.25,2.28,213200,2.28
2009-08-05,2.38,2.41,2.20,2.30,381100,2.30
2009-08-04,2.41,2.49,1.93,2.33,1019400,2.33
2009-08-03,2.36,2.48,2.25,2.43,539100,2.43
2009-07-31,2.09,2.35,2.09,2.30,927900,2.30
2009-07-30,2.04,2.15,1.99,2.07,766200,2.07
2009-07-29,1.94,2.15,1.82,1.98,1223000,1.98
2009-07-28,1.97,1.97,1.37,1.81,2712000,1.81
2009-07-27,2.39,2.40,1.98,1.99,3169300,1.99
2009-07-24,3.18,3.27,3.15,3.26,185200,3.26
2009-07-23,3.28,3.34,3.18,3.18,361600,3.18
2009-07-22,3.15,3.35,3.15,3.28,350300,3.28
2009-07-21,3.23,3.29,3.15,3.18,217100,3.18
2009-07-20,3.25,3.30,3.11,3.26,220700,3.26
2009-07-17,3.20,3.27,3.15,3.25,281800,3.25
2009-07-16,3.12,3.20,2.99,3.17,364400,3.17
2009-07-15,2.92,3.14,2.90,3.13,329700,3.13
2009-07-14,3.00,3.03,2.86,2.94,299900,2.94
2009-07-13,2.99,3.10,2.86,3.00,348600,3.00
2009-07-10,2.87,2.98,2.77,2.91,300800,2.91
2009-07-09,3.01,3.04,2.92,2.95,347000,2.95
2009-07-08,3.21,3.26,2.78,2.92,713700,2.92
2009-07-07,3.42,3.42,3.20,3.21,354700,3.21
2009-07-06,3.18,3.40,3.05,3.31,440400,3.31
2009-07-02,3.26,3.30,3.17,3.17,304200,3.17
2009-07-01,3.26,3.37,3.26,3.33,327500,3.33
2009-06-30,3.26,3.31,3.16,3.21,500100,3.21
2009-06-29,3.48,3.54,3.11,3.30,636500,3.30
2009-06-26,2.81,3.59,2.81,3.59,2232600,3.59
2009-06-25,2.91,3.10,2.75,2.90,414500,2.90
2009-06-24,2.84,3.09,2.64,2.91,834800,2.91
2009-06-23,2.91,2.98,2.51,2.63,915500,2.63
2009-06-22,3.46,3.46,2.90,2.90,771300,2.90
2009-06-19,3.26,3.45,3.17,3.35,882900,3.35
2009-06-18,3.30,3.33,3.05,3.10,630500,3.10
2009-06-17,3.46,3.46,2.92,3.24,1183500,3.24
2009-06-16,2.99,3.48,2.90,3.10,2041700,3.10
2009-06-15,2.34,2.99,2.33,2.86,1047200,2.86
2009-06-12,2.78,2.78,2.23,2.34,1114500,2.34
2009-06-11,2.58,3.68,2.55,2.69,3476200,2.69
2009-06-10,1.73,2.43,1.72,2.43,1892000,2.43
2009-06-09,1.71,1.71,1.60,1.68,156200,1.68
2009-06-08,1.74,1.74,1.60,1.68,305000,1.68
2009-06-05,1.71,1.72,1.65,1.70,230900,1.70
2009-06-04,1.65,1.72,1.59,1.69,257900,1.69
2009-06-03,1.73,1.73,1.53,1.59,525000,1.59
2009-06-02,1.70,1.73,1.60,1.71,519100,1.71
2009-06-01,1.63,1.73,1.63,1.70,478100,1.70
2009-05-29,1.66,1.74,1.60,1.68,514200,1.68
2009-05-28,1.76,1.82,1.47,1.71,523600,1.71
2009-05-27,1.75,1.87,1.66,1.75,474800,1.75
2009-05-26,1.60,1.73,1.55,1.72,430600,1.72
2009-05-22,1.60,1.62,1.58,1.60,200800,1.60
2009-05-21,1.58,1.62,1.57,1.60,258500,1.60
2009-05-20,1.60,1.66,1.59,1.59,302000,1.59
2009-05-19,1.55,1.63,1.54,1.59,234900,1.59
2009-05-18,1.54,1.67,1.52,1.58,355500,1.58
2009-05-15,1.62,1.64,1.50,1.53,379500,1.53
2009-05-14,1.60,1.69,1.55,1.57,722400,1.57
2009-05-13,1.79,1.82,1.56,1.60,409100,1.60
2009-05-12,1.65,1.79,1.60,1.76,426800,1.76
2009-05-11,1.65,1.72,1.62,1.63,578600,1.63
2009-05-08,1.58,1.68,1.51,1.60,899800,1.60
2009-05-07,1.60,1.64,1.53,1.56,477500,1.56
2009-05-06,1.49,1.55,1.45,1.52,430600,1.52
2009-05-05,1.37,1.46,1.37,1.43,479700,1.43
2009-05-04,1.56,1.56,1.36,1.38,472900,1.38
2009-05-01,1.41,1.48,1.32,1.40,543900,1.40
2009-04-30,1.84,1.84,1.35,1.40,1069700,1.40
2009-04-29,1.67,1.79,1.66,1.75,245100,1.75
2009-04-28,1.85,1.89,1.49,1.66,288100,1.66
2009-04-27,1.55,1.81,1.50,1.73,561600,1.73
2009-04-24,1.47,1.55,1.44,1.52,183000,1.52
2009-04-23,1.54,1.58,1.47,1.47,130300,1.47
2009-04-22,1.47,1.59,1.47,1.53,202200,1.53
2009-04-21,1.44,1.60,1.44,1.52,249000,1.52
2009-04-20,1.47,1.48,1.43,1.44,283900,1.44
2009-04-17,1.52,1.52,1.44,1.49,442600,1.49
2009-04-16,1.57,1.57,1.46,1.50,360500,1.50
2009-04-15,1.45,1.53,1.43,1.50,195000,1.50
2009-04-14,1.53,1.60,1.43,1.44,390000,1.44
2009-04-13,1.65,1.67,1.51,1.55,332800,1.55
2009-04-09,1.49,1.67,1.49,1.65,457000,1.65
2009-04-08,1.42,1.54,1.42,1.47,154500,1.47
2009-04-07,1.50,1.65,1.41,1.41,210900,1.41
2009-04-06,1.50,1.63,1.45,1.46,603300,1.46
2009-04-03,1.45,1.68,1.44,1.52,767100,1.52
2009-04-02,1.28,1.49,1.18,1.40,639100,1.40
2009-04-01,1.57,1.65,1.11,1.16,1321000,1.16
2009-03-31,1.73,1.78,1.64,1.65,278200,1.65
2009-03-30,1.89,1.89,1.69,1.71,491100,1.71
2009-03-27,1.85,1.86,1.77,1.86,300500,1.86
2009-03-26,1.74,1.92,1.71,1.81,659300,1.81
2009-03-25,1.98,2.15,1.56,1.72,1004300,1.72
2009-03-24,1.77,2.01,1.77,1.95,829400,1.95
2009-03-23,1.90,1.98,1.77,1.78,821900,1.78
2009-03-20,1.70,1.99,1.60,1.80,1266100,1.80
2009-03-19,1.38,1.64,1.38,1.64,494700,1.64
2009-03-18,1.37,1.37,1.28,1.35,225100,1.35
2009-03-17,1.30,1.31,1.25,1.30,177400,1.30
2009-03-16,1.30,1.30,1.22,1.23,408600,1.23
2009-03-13,1.19,1.30,1.13,1.23,415900,1.23
2009-03-12,1.15,1.26,1.13,1.22,349300,1.22
2009-03-11,1.18,1.21,1.12,1.15,332800,1.15
2009-03-10,1.28,1.34,1.05,1.18,2435300,1.18
2009-03-09,1.15,1.32,1.14,1.26,629700,1.26
2009-03-06,1.05,1.23,1.05,1.12,385200,1.12
2009-03-05,1.20,1.24,1.00,1.01,491900,1.01
2009-03-04,1.22,1.44,1.03,1.17,1196200,1.17
2009-03-03,1.11,1.48,1.11,1.20,1103300,1.20
2009-03-02,0.68,1.55,0.68,1.10,1778600,1.10
2009-02-27,0.66,0.70,0.65,0.68,498100,0.68
2009-02-26,0.70,0.71,0.65,0.68,484800,0.68
2009-02-25,0.68,0.70,0.65,0.65,632400,0.65
2009-02-24,0.68,0.72,0.64,0.67,787900,0.67
2009-02-23,0.65,0.72,0.63,0.65,718100,0.65
2009-02-20,0.70,0.72,0.63,0.65,647600,0.65
2009-02-19,0.62,0.74,0.62,0.66,493000,0.66
2009-02-18,0.63,0.67,0.62,0.62,461000,0.62
2009-02-17,0.66,0.73,0.60,0.60,935500,0.60
2009-02-13,0.61,0.69,0.60,0.65,366600,0.65
2009-02-12,0.62,0.66,0.58,0.60,652200,0.60
2009-02-11,0.60,0.67,0.59,0.62,478300,0.62
2009-02-10,0.62,0.69,0.58,0.59,994400,0.59
2009-02-09,0.71,0.75,0.55,0.65,835700,0.65
2009-02-06,0.66,0.76,0.64,0.71,394900,0.71
2009-02-05,0.59,0.70,0.59,0.66,822300,0.66
2009-02-04,0.70,0.72,0.58,0.58,1115000,0.58
2009-02-03,0.75,0.88,0.68,0.72,785500,0.72
2009-02-02,0.66,0.77,0.66,0.74,1160000,0.74
2009-01-30,0.63,0.77,0.60,0.65,2317500,0.65
2009-01-29,0.58,0.65,0.55,0.60,1386000,0.60
2009-01-28,0.47,0.68,0.40,0.61,3466500,0.61
2009-01-27,0.59,0.61,0.43,0.46,3960000,0.46
2009-01-26,1.01,1.01,0.49,0.51,8939600,0.51
2009-01-23,2.30,2.40,2.13,2.24,822300,2.24
2009-01-22,2.44,2.44,2.23,2.25,578800,2.25
2009-01-21,2.27,2.40,2.25,2.36,590500,2.36
2009-01-20,2.50,2.50,2.35,2.37,549300,2.37
2009-01-16,2.42,2.52,2.31,2.47,994400,2.47
2009-01-15,2.74,2.74,2.25,2.34,1461100,2.34
2009-01-14,2.92,2.99,2.66,2.73,770100,2.73
2009-01-13,2.90,3.05,2.86,2.95,401600,2.95
2009-01-12,3.35,3.39,2.92,2.97,691700,2.97
2009-01-09,3.55,3.59,3.14,3.14,584200,3.14
2009-01-08,3.40,3.59,3.29,3.53,678600,3.53
2009-01-07,3.88,3.88,3.10,3.40,1319900,3.40
2009-01-06,3.30,3.80,3.30,3.68,973100,3.68
2009-01-05,3.36,3.42,3.02,3.31,705600,3.31
2009-01-02,2.95,3.38,2.89,3.25,1200700,3.25
2008-12-31,2.73,2.93,2.68,2.88,893000,2.88
2008-12-30,2.41,2.70,2.30,2.67,891400,2.67
2008-12-29,2.31,2.42,2.13,2.35,830400,2.35
2008-12-26,2.34,2.34,2.03,2.26,2640400,2.26
2008-12-24,3.06,3.06,1.93,1.99,5255700,1.99
2008-12-23,5.40,5.58,2.50,2.71,3025200,2.71
2008-12-22,5.34,5.42,5.17,5.39,296300,5.39
2008-12-19,5.45,5.75,5.27,5.33,584100,5.33
2008-12-18,5.31,5.62,5.15,5.38,258500,5.38
2008-12-17,5.16,5.44,5.05,5.24,197300,5.24
2008-12-16,4.91,5.25,4.82,5.25,556700,5.25
2008-12-15,5.15,5.33,4.70,4.83,424200,4.83
2008-12-12,5.04,5.15,4.89,5.10,338900,5.10
2008-12-11,5.19,5.26,4.91,5.00,867700,5.00
2008-12-10,4.98,5.03,4.62,4.82,347300,4.82
2008-12-09,5.04,5.19,4.66,4.81,840100,4.81
2008-12-08,4.57,5.43,4.57,4.95,988200,4.95
2008-12-05,3.92,5.75,3.71,4.50,1507300,4.50
2008-12-04,3.95,4.13,3.80,3.85,511200,3.85
2008-12-03,4.20,4.27,3.84,4.05,667800,4.05
2008-12-02,3.92,4.58,3.86,4.32,592500,4.32
2008-12-01,4.55,4.62,3.87,3.87,808000,3.87
2008-11-28,4.54,4.69,4.41,4.58,348600,4.58
2008-11-26,4.74,4.89,4.43,4.50,1002100,4.50
2008-11-25,5.65,5.65,4.05,4.75,2151300,4.75
2008-11-24,6.03,6.03,5.40,5.67,754800,5.67
2008-11-21,5.83,6.16,5.45,5.97,1048900,5.97
2008-11-20,6.31,6.51,5.72,5.77,667500,5.77
2008-11-19,6.44,6.65,6.16,6.30,723500,6.30
2008-11-18,6.17,6.53,6.16,6.44,720900,6.44
2008-11-17,6.78,6.78,6.06,6.15,1044300,6.15
2008-11-14,5.99,7.10,5.90,6.30,1449600,6.30
2008-11-13,11.66,11.66,4.83,5.90,6620900,5.90
2008-11-12,15.21,15.63,14.15,14.26,200400,14.26
2008-11-11,15.66,15.82,15.29,15.40,146300,15.40
2008-11-10,16.34,16.65,15.52,15.70,98800,15.70
2008-11-07,15.97,16.36,15.86,16.15,75400,16.15
2008-11-06,16.29,16.70,15.81,15.85,133900,15.85
2008-11-05,16.73,17.02,16.22,16.35,135400,16.35
2008-11-04,17.72,18.67,16.66,16.83,181300,16.83
2008-11-03,17.00,17.28,16.90,17.10,164100,17.10
2008-10-31,16.50,17.20,16.50,17.00,197000,17.00
2008-10-30,16.23,16.55,15.96,16.53,114700,16.53
2008-10-29,16.06,16.56,15.93,15.98,192900,15.98
2008-10-28,15.69,16.03,15.26,15.95,232200,15.95
2008-10-27,15.76,16.00,14.92,15.45,186600,15.45
2008-10-24,15.27,16.06,15.21,15.83,160300,15.83
2008-10-23,17.08,17.41,15.80,16.24,431700,16.24
2008-10-22,16.81,17.30,16.70,16.98,354400,16.98
2008-10-21,16.86,17.30,16.46,17.11,449500,17.11
2008-10-20,18.69,18.69,16.99,17.00,269800,17.00
2008-10-17,17.58,18.15,17.30,17.39,198600,17.39
2008-10-16,17.22,18.27,16.46,18.00,227400,18.00
2008-10-15,17.53,17.71,17.07,17.10,211700,17.10
2008-10-14,18.35,19.01,17.30,17.54,182400,17.54
2008-10-13,16.65,17.79,16.13,17.79,151000,17.79
2008-10-10,16.43,16.75,15.34,15.82,508500,15.82
2008-10-09,19.05,19.09,16.76,16.82,321300,16.82
2008-10-08,19.57,19.83,18.58,18.80,458200,18.80
2008-10-07,20.42,20.79,19.72,19.92,385300,19.92
2008-10-06,21.26,21.65,19.86,20.25,346000,20.25
2008-10-03,21.83,22.11,21.60,21.60,219200,21.60
2008-10-02,22.27,22.40,21.53,21.67,187500,21.67
2008-10-01,22.43,22.57,22.16,22.32,233400,22.32
2008-09-30,23.29,23.29,22.35,22.71,415600,22.71
2008-09-29,23.53,23.71,22.81,23.04,200200,23.04
2008-09-26,22.95,23.79,22.95,23.73,212000,23.73
2008-09-25,23.36,23.82,22.85,23.17,409800,23.17
2008-09-24,23.31,23.80,23.18,23.28,270500,23.28
2008-09-23,23.76,23.87,23.13,23.32,334400,23.32
2008-09-22,23.68,24.05,23.50,23.74,432100,23.74
2008-09-19,21.86,26.61,21.86,23.77,994000,23.77
2008-09-18,22.78,23.35,22.44,23.08,641500,23.08
2008-09-17,22.43,23.00,22.28,22.28,420400,22.28
2008-09-16,22.10,22.69,21.95,22.50,623800,22.50
2008-09-15,22.62,22.85,22.12,22.30,278800,22.30
2008-09-12,22.56,22.75,22.37,22.69,486300,22.69
2008-09-11,22.63,22.85,22.36,22.66,316200,22.66
2008-09-10,22.99,23.30,22.60,22.69,247900,22.69
2008-09-09,23.12,23.20,22.63,22.78,353200,22.78
2008-09-08,23.55,23.57,22.92,22.94,206800,22.94
2008-09-05,22.55,23.02,22.30,22.99,349900,22.99
2008-09-04,22.66,22.77,22.45,22.55,226000,22.55
2008-09-03,22.63,23.08,22.45,22.68,727400,22.68
2008-09-02,22.78,23.27,22.35,22.65,388800,22.65
2008-08-29,23.08,23.15,22.48,22.55,129500,22.55
2008-08-28,22.70,23.42,22.69,23.10,243400,23.10
2008-08-27,22.36,22.69,22.30,22.68,187000,22.68
2008-08-26,22.49,22.65,22.25,22.40,156200,22.40
2008-08-25,22.31,22.59,22.22,22.49,223300,22.49
2008-08-22,22.03,22.63,22.03,22.37,210400,22.37
2008-08-21,21.51,22.09,21.49,21.99,174200,21.99
2008-08-20,21.82,22.09,21.50,21.65,197500,21.65
2008-08-19,22.10,22.30,21.65,21.78,246900,21.78
2008-08-18,21.95,22.14,21.72,22.12,303000,22.12
2008-08-15,22.55,22.66,21.88,21.99,266600,21.99
2008-08-14,21.49,22.15,21.48,22.12,211300,22.12
2008-08-13,21.42,21.76,21.08,21.64,324600,21.64
2008-08-12,20.90,21.48,19.63,21.42,1900300,21.42
2008-08-11,21.96,22.60,21.85,22.36,223500,22.36
2008-08-08,21.43,22.00,21.25,21.93,165700,21.93
2008-08-07,21.56,22.06,21.28,21.46,228400,21.46
2008-08-06,21.91,22.06,21.64,21.70,187800,21.70
2008-08-05,21.21,21.97,21.11,21.91,193000,21.91
2008-08-04,20.86,21.10,20.62,20.89,127400,20.89
2008-08-01,20.56,20.90,20.20,20.71,264600,20.71
2008-07-31,20.58,21.07,20.31,20.49,297800,20.49
2008-07-30,21.80,21.80,20.40,20.55,561000,20.55
2008-07-29,21.84,22.10,21.67,21.70,244200,21.70
2008-07-28,22.16,22.45,21.81,21.87,149900,21.87
2008-07-25,22.50,22.73,22.20,22.28,258700,22.28
2008-07-24,22.60,22.80,22.25,22.40,151900,22.40
2008-07-23,22.34,22.76,22.25,22.51,200100,22.51
2008-07-22,21.97,22.66,21.91,22.30,416100,22.30
2008-07-21,21.72,22.07,21.55,22.04,254700,22.04
2008-07-18,21.17,21.72,21.17,21.60,195500,21.60
2008-07-17,21.50,21.76,21.25,21.41,292800,21.41
2008-07-16,20.99,21.77,20.90,21.45,638200,21.45
2008-07-15,20.11,21.00,20.05,20.90,482800,20.90
2008-07-14,20.40,20.53,20.05,20.25,493600,20.25
2008-07-11,19.60,20.35,19.34,20.21,475000,20.21
2008-07-10,19.74,19.85,19.24,19.60,408600,19.60
2008-07-09,19.90,20.09,19.41,19.55,291300,19.55
2008-07-08,18.92,20.18,18.74,19.97,553700,19.97
2008-07-07,19.14,19.43,18.62,18.87,570900,18.87
2008-07-03,19.17,19.25,18.90,19.00,251800,19.00
2008-07-02,19.06,19.48,19.05,19.16,338400,19.16
2008-07-01,19.11,19.35,18.90,19.14,384600,19.14
2008-06-30,19.18,19.51,18.94,19.33,456400,19.33
2008-06-27,19.11,19.30,18.93,18.93,372600,18.93
2008-06-26,19.05,19.37,19.01,19.05,303800,19.05
2008-06-25,18.91,19.53,18.91,19.21,1035200,19.21
2008-06-24,18.16,18.90,18.15,18.90,545700,18.90
2008-06-23,18.33,18.57,18.24,18.41,597700,18.41
2008-06-20,18.41,18.50,18.10,18.16,682600,18.16
2008-06-19,18.88,18.92,18.35,18.52,596200,18.52
2008-06-18,18.50,19.10,18.45,18.81,699100,18.81
2008-06-17,19.01,19.10,18.28,18.49,1717100,18.49
2008-06-16,19.95,19.95,18.31,19.05,2017600,19.05
2008-06-13,20.47,20.55,19.53,19.91,547900,19.91
2008-06-12,20.78,21.04,20.16,20.22,320400,20.22
2008-06-11,21.00,21.09,20.59,20.66,897900,20.66
2008-06-10,22.02,22.13,20.06,21.00,1166500,21.00
2008-06-09,22.87,22.87,21.96,22.08,354100,22.08
2008-06-06,22.81,23.10,22.64,22.90,490500,22.90
2008-06-05,23.19,23.19,22.65,22.96,365500,22.96
2008-06-04,23.51,23.63,22.86,23.17,499200,23.17
2008-06-03,24.63,24.78,23.43,23.62,904800,23.62
2008-06-02,24.97,25.16,24.63,24.69,570800,24.69
2008-05-30,26.10,26.10,24.87,25.01,1103800,25.01
2008-05-29,25.86,26.15,25.83,26.15,179800,26.15
2008-05-28,25.99,26.00,25.53,25.95,192000,25.95
2008-05-27,25.64,25.94,25.40,25.94,173300,25.94
2008-05-23,25.40,25.69,25.00,25.57,202500,25.57
2008-05-22,25.23,25.59,25.15,25.59,183800,25.59
2008-05-21,25.28,25.59,25.09,25.23,150500,25.23
2008-05-20,25.06,25.27,25.00,25.17,149000,25.17
2008-05-19,25.01,25.25,24.82,25.21,502100,25.21
2008-05-16,24.91,25.18,24.47,25.11,319100,25.11
2008-05-15,24.12,26.00,24.10,24.83,398800,24.83
2008-05-14,24.36,24.58,24.03,24.20,221200,24.20
2008-05-13,24.34,24.73,24.20,24.37,114000,24.37
2008-05-12,24.48,24.65,24.26,24.50,133900,24.50
2008-05-09,24.15,24.33,23.90,24.29,102700,24.29
2008-05-08,24.19,24.44,24.09,24.40,115100,24.40
2008-05-07,24.85,24.90,24.02,24.14,157400,24.14
2008-05-06,24.30,24.89,24.19,24.78,187500,24.78
2008-05-05,25.02,25.06,24.47,24.48,140300,24.48
2008-05-02,25.56,25.73,25.09,25.16,424700,25.16
2008-05-01,24.50,25.33,24.50,25.32,335600,25.32
2008-04-30,24.21,24.45,24.10,24.44,282500,24.44
2008-04-29,24.77,24.89,24.07,24.10,360700,24.10
2008-04-28,24.52,24.81,24.48,24.74,159100,24.74
2008-04-25,24.65,24.84,24.30,24.58,150500,24.58
2008-04-24,24.62,24.79,24.36,24.59,141400,24.59
2008-04-23,24.72,24.72,24.40,24.60,163500,24.60
2008-04-22,25.17,25.56,24.39,24.62,303700,24.62
2008-04-21,25.19,25.51,25.03,25.34,122000,25.34
2008-04-18,25.74,25.97,25.20,25.36,191600,25.36
2008-04-17,25.50,25.64,25.18,25.36,203700,25.36
2008-04-16,24.92,25.64,24.81,25.62,345500,25.62
2008-04-15,24.25,24.90,24.20,24.81,472900,24.81
2008-04-14,24.15,24.34,24.05,24.24,163800,24.24
2008-04-11,24.37,24.37,24.00,24.19,255000,24.19
2008-04-10,24.13,24.58,24.08,24.58,329400,24.58
2008-04-09,24.23,24.42,24.09,24.17,243100,24.17
2008-04-08,24.02,24.28,23.89,24.15,389100,24.15
2008-04-07,24.47,24.64,24.04,24.25,224900,24.25
2008-04-04,24.22,24.50,24.15,24.34,155300,24.34
2008-04-03,24.52,24.69,24.05,24.24,603700,24.24
2008-04-02,25.70,25.75,24.63,24.68,296700,24.68
2008-04-01,25.20,25.65,25.20,25.52,406900,25.52
2008-03-31,25.38,25.43,24.82,24.96,220000,24.96
2008-03-28,25.35,25.55,24.91,25.15,399200,25.15
2008-03-27,25.87,25.87,25.15,25.35,188700,25.35
2008-03-26,26.65,26.65,24.91,25.62,887300,25.62
2008-03-25,27.70,27.70,26.79,26.98,528900,26.98
2008-03-24,27.13,27.93,26.72,27.60,974300,27.60
2008-03-20,28.25,28.25,26.80,26.99,702000,26.99
2008-03-19,26.78,27.19,26.42,26.45,144700,26.45
2008-03-18,26.25,26.68,25.61,26.55,581000,26.55
2008-03-17,24.99,25.67,24.99,25.52,483800,25.52
2008-03-14,25.45,25.45,24.75,25.24,303300,25.24
2008-03-13,24.75,25.38,24.70,25.28,309300,25.28
2008-03-12,25.88,25.88,24.75,24.91,466400,24.91
2008-03-11,25.25,25.71,24.90,25.71,288500,25.71
2008-03-10,25.43,25.45,24.85,24.93,299900,24.93
2008-03-07,25.62,25.76,25.25,25.43,158800,25.43
2008-03-06,25.85,26.34,25.80,25.81,308100,25.81
2008-03-05,25.50,26.04,25.45,25.93,329200,25.93
2008-03-04,25.27,25.75,25.11,25.53,249600,25.53
2008-03-03,25.05,25.56,25.00,25.52,563100,25.52
2008-02-29,24.94,25.15,24.85,25.12,280900,25.12
2008-02-28,25.07,25.38,24.62,24.96,322500,24.96
2008-02-27,24.92,25.58,24.86,25.27,1489600,25.27
2008-02-26,25.08,25.50,24.79,25.00,639300,25.00
2008-02-25,24.77,25.44,24.77,25.25,216800,25.25
2008-02-22,25.01,25.24,24.56,24.71,235100,24.71
2008-02-21,26.29,26.30,25.14,25.20,300600,25.20
2008-02-20,26.45,26.45,25.92,26.10,229500,26.10
2008-02-19,27.14,27.42,26.34,26.60,299800,26.60
2008-02-15,27.18,27.30,26.51,26.69,187600,26.69
2008-02-14,28.00,28.00,27.09,27.09,244000,27.09
2008-02-13,27.86,28.01,27.70,27.89,473500,27.89
2008-02-12,27.86,27.86,27.38,27.64,316100,27.64
2008-02-11,27.39,27.77,27.07,27.77,228000,27.77
2008-02-08,27.50,27.60,27.25,27.42,206100,27.42
2008-02-07,27.96,28.03,27.35,27.65,591500,27.65
2008-02-06,26.40,28.06,26.20,28.06,677500,28.06
2008-02-05,26.02,26.25,25.65,26.15,233400,26.15
2008-02-04,26.66,26.73,26.14,26.16,126200,26.16
2008-02-01,26.09,26.87,25.95,26.73,243300,26.73
2008-01-31,25.28,26.22,24.80,25.89,249800,25.89
2008-01-30,25.88,25.93,25.47,25.47,253600,25.47
2008-01-29,26.68,26.68,25.90,26.01,192800,26.01
2008-01-28,26.18,26.47,25.84,26.47,259000,26.47
2008-01-25,27.60,27.63,26.02,26.16,1526400,26.16
2008-01-24,28.10,28.10,27.06,27.46,350300,27.46
2008-01-23,27.35,28.17,26.65,28.05,646500,28.05
2008-01-22,27.47,28.19,27.00,27.85,686600,27.85
2008-01-18,27.55,28.29,27.31,28.20,609200,28.20
2008-01-17,27.46,27.55,26.94,27.30,166400,27.30
2008-01-16,25.89,27.40,25.87,27.26,2140900,27.26
2008-01-15,26.60,26.68,25.85,25.91,351300,25.91
2008-01-14,26.90,26.90,26.67,26.77,170900,26.77
2008-01-11,26.92,26.95,26.58,26.73,232900,26.73
2008-01-10,27.22,27.25,26.85,27.05,227000,27.05
2008-01-09,27.12,27.49,26.96,27.36,137700,27.36
2008-01-08,27.56,27.70,27.14,27.15,231700,27.15
2008-01-07,27.34,27.94,27.26,27.49,344300,27.49
2008-01-04,27.79,27.89,27.26,27.26,253300,27.26
2008-01-03,28.13,28.19,27.79,27.95,244100,27.95
2008-01-02,28.87,28.90,27.81,28.02,362300,28.02
2007-12-31,28.56,28.69,28.30,28.54,201100,28.54
2007-12-28,28.99,29.00,28.65,28.79,134900,28.79
2007-12-27,28.96,29.02,28.65,28.87,161200,28.87
2007-12-26,28.62,29.00,28.40,28.95,125000,28.95
2007-12-24,28.30,28.75,28.26,28.75,42700,28.75
2007-12-21,28.70,28.70,28.07,28.28,311300,28.28
2007-12-20,28.37,28.37,27.93,28.03,238500,28.03
2007-12-19,28.16,28.20,27.71,28.19,185800,28.19
2007-12-18,28.44,28.44,27.96,28.23,152500,28.23
2007-12-17,28.67,28.67,28.16,28.17,90000,28.17
2007-12-14,28.47,29.01,28.45,28.85,215800,28.85
2007-12-13,28.14,28.68,28.10,28.67,171200,28.67
2007-12-12,28.70,28.78,28.05,28.32,196300,28.32
2007-12-11,28.23,28.72,28.16,28.30,230900,28.30
2007-12-10,28.04,28.16,27.76,28.16,146600,28.16
2007-12-07,28.19,28.34,27.92,28.04,131500,28.04
2007-12-06,27.80,28.39,27.70,28.20,387500,28.20
2007-12-05,27.65,27.76,26.70,27.76,321700,27.76
2007-12-04,28.04,28.15,27.16,27.16,357100,27.16
2007-12-03,28.32,28.60,28.10,28.19,174800,28.19
2007-11-30,28.48,28.60,28.09,28.20,337700,28.20
2007-11-29,28.41,28.72,28.25,28.40,445500,28.40
2007-11-28,27.88,28.54,27.88,28.40,1163100,28.40
2007-11-27,28.05,28.42,27.85,27.88,226200,27.88
2007-11-26,27.97,28.69,27.97,28.05,225500,28.05
2007-11-23,28.18,28.40,27.75,28.04,277700,28.04
2007-11-21,28.57,28.80,27.95,27.99,724100,27.99
2007-11-20,29.00,29.00,28.46,28.64,1502400,28.64
2007-11-19,29.16,29.18,28.59,28.65,808900,28.65
2007-11-16,29.81,29.85,28.66,29.29,418500,29.29
2007-11-15,29.86,29.89,29.56,29.72,141000,29.72
2007-11-14,29.99,30.03,29.81,29.94,155300,29.94
2007-11-13,30.31,30.37,29.86,29.93,291300,29.93
2007-11-12,29.98,30.34,29.90,30.14,104300,30.14
2007-11-09,30.24,30.28,29.79,30.07,271600,30.07
2007-11-08,30.66,30.70,30.04,30.42,271000,30.42
2007-11-07,30.55,30.71,30.27,30.39,230500,30.39
2007-11-06,30.53,30.85,30.20,30.79,348700,30.79
2007-11-05,30.52,30.84,30.20,30.53,351100,30.53
2007-11-02,31.13,31.13,30.50,30.92,215200,30.92
2007-11-01,31.11,31.32,30.76,30.78,275100,30.78
2007-10-31,31.19,31.46,30.85,31.34,308500,31.34
2007-10-30,30.67,31.17,30.67,31.17,193800,31.17
2007-10-29,30.76,30.84,30.46,30.81,175700,30.81
2007-10-26,30.49,30.75,30.35,30.66,299100,30.66
2007-10-25,30.13,30.41,29.83,30.39,276500,30.39
2007-10-24,30.59,30.71,29.70,30.07,239900,30.07
2007-10-23,30.75,30.93,30.30,30.70,287400,30.70
2007-10-22,30.70,30.90,30.48,30.62,402100,30.62
2007-10-19,31.36,31.36,30.89,31.02,535000,31.02
2007-10-18,30.76,31.06,30.71,31.05,163200,31.05
2007-10-17,30.72,30.90,30.47,30.88,330500,30.88
2007-10-16,30.17,30.75,30.08,30.54,165300,30.54
2007-10-15,30.30,30.46,30.20,30.31,255500,30.31
2007-10-12,29.95,30.40,29.95,30.39,596300,30.39
2007-10-11,29.47,30.05,29.40,29.86,279700,29.86
2007-10-10,29.12,29.39,28.97,29.38,160200,29.38
2007-10-09,29.18,29.33,28.95,29.23,191300,29.23
2007-10-08,29.13,29.20,29.01,29.18,220700,29.18
2007-10-05,29.34,29.37,29.00,29.24,170700,29.24
2007-10-04,29.16,29.21,28.52,29.14,272700,29.14
2007-10-03,28.94,29.20,28.71,29.10,390200,29.10
2007-10-02,28.78,29.05,28.68,29.05,361700,29.05
2007-10-01,28.53,28.84,28.52,28.80,449000,28.80
2007-09-27,28.55,28.86,28.01,28.60,494500,28.60
2007-09-26,28.37,28.65,28.30,28.50,147000,28.50
2007-09-25,27.88,28.38,27.82,28.30,250500,28.30
2007-09-24,28.50,28.50,27.99,28.10,95300,28.10
2007-09-21,28.70,28.70,27.87,28.24,260300,28.24
2007-09-20,28.25,28.64,28.20,28.28,123100,28.28
2007-09-19,27.92,28.55,27.89,28.42,228700,28.42
2007-09-18,27.82,29.75,27.00,27.86,244300,27.86
2007-09-17,27.30,27.70,27.30,27.64,218400,27.64
2007-09-14,27.15,27.60,27.00,27.60,78000,27.60
2007-09-13,27.48,27.65,27.30,27.37,95600,27.37
2007-09-12,27.72,27.89,27.35,27.40,102000,27.40
2007-09-11,27.33,27.97,27.25,27.87,179800,27.87
2007-09-10,27.18,27.40,27.00,27.24,112000,27.24
2007-09-07,27.25,27.37,27.00,27.27,156600,27.27
2007-09-06,27.67,27.70,27.40,27.53,52300,27.53
2007-09-05,27.16,27.68,27.10,27.54,180400,27.54
2007-09-04,27.15,27.44,27.11,27.35,144000,27.35
2007-08-31,27.15,27.33,27.13,27.33,96300,27.33
2007-08-30,26.81,27.29,26.81,27.07,99500,27.07
2007-08-29,26.90,27.14,26.69,27.12,299400,27.12
2007-08-28,26.80,26.94,26.70,26.80,152000,26.80
2007-08-27,27.38,27.40,26.86,26.92,139400,26.92
2007-08-24,27.25,27.42,26.97,27.27,132000,27.27
2007-08-23,27.42,27.43,27.05,27.25,108900,27.25
2007-08-22,27.11,27.30,26.89,27.25,131700,27.25
2007-08-21,27.27,27.39,26.87,26.90,156300,26.90
2007-08-20,27.29,27.50,27.16,27.17,234900,27.17
2007-08-17,27.70,27.80,26.75,27.27,229800,27.27
2007-08-16,26.45,26.82,25.80,26.79,377800,26.79
2007-08-15,26.85,27.32,26.25,26.31,253400,26.31
2007-08-14,26.81,27.26,26.78,26.78,303000,26.78
2007-08-13,26.45,27.00,26.31,26.79,405200,26.79
2007-08-10,25.60,26.11,25.40,26.09,442400,26.09
2007-08-09,26.75,27.08,26.30,26.34,258600,26.34
2007-08-08,26.63,27.00,26.14,26.73,780800,26.73
2007-08-07,26.85,26.94,26.38,26.43,293700,26.43
2007-08-06,26.90,27.28,26.63,26.94,257600,26.94
2007-08-03,27.10,27.30,26.45,26.63,257100,26.63
2007-08-02,27.24,27.30,26.95,27.14,201400,27.14
2007-08-01,27.26,27.34,26.93,27.19,299800,27.19
2007-07-31,27.55,27.55,27.10,27.34,254000,27.34
2007-07-30,27.18,27.41,27.01,27.33,258400,27.33
2007-07-27,27.27,27.50,27.00,27.14,383100,27.14
2007-07-26,27.47,27.86,27.20,27.40,558100,27.40
2007-07-25,28.45,28.60,27.81,27.89,422900,27.89
2007-07-24,28.49,28.55,28.15,28.21,311200,28.21
2007-07-23,29.00,29.11,28.77,28.78,323400,28.78
2007-07-20,28.76,28.90,28.70,28.80,405300,28.80
2007-07-19,28.50,28.89,28.42,28.80,314100,28.80
2007-07-18,28.45,28.54,28.22,28.41,202200,28.41
2007-07-17,28.35,28.62,28.29,28.50,302200,28.50
2007-07-16,28.12,28.38,28.12,28.29,338400,28.29
2007-07-13,27.90,28.30,27.90,28.24,211000,28.24
2007-07-12,27.84,28.11,27.70,28.11,258900,28.11
2007-07-11,27.75,27.90,27.60,27.71,181100,27.71
2007-07-10,27.77,28.00,27.63,27.68,516700,27.68
2007-07-09,27.70,28.00,27.68,27.90,138600,27.90
2007-07-06,27.85,27.95,27.49,27.71,358800,27.71
2007-07-05,27.75,27.95,27.72,27.90,134800,27.90
2007-07-03,27.60,27.89,27.50,27.75,109900,27.75
2007-07-02,27.31,27.72,27.27,27.66,271500,27.66
2007-06-29,27.42,27.55,27.15,27.24,175000,27.24
2007-06-28,27.49,27.50,27.35,27.44,185300,27.44
2007-06-27,27.15,27.49,27.13,27.45,161600,27.45
2007-06-26,27.10,27.31,26.95,27.27,338400,27.27
2007-06-25,27.23,27.48,27.05,27.05,305400,27.05
2007-06-22,27.14,27.50,27.10,27.37,486200,27.37
2007-06-21,27.32,27.45,27.03,27.24,381800,27.24
2007-06-20,27.93,28.05,27.50,27.51,493100,27.51
2007-06-19,27.50,27.61,27.40,27.51,252700,27.51
2007-06-18,28.00,28.02,26.90,27.50,297100,27.50
2007-06-15,28.36,28.75,27.85,27.97,770700,27.97
2007-06-14,28.37,28.60,28.29,28.35,728100,28.35
2007-06-13,28.30,28.48,28.18,28.34,1436300,28.34
2007-06-12,28.25,28.50,27.86,28.20,1376700,28.20
2007-06-11,27.25,27.75,27.03,27.59,397200,27.59
2007-06-08,27.41,27.65,26.98,27.29,369300,27.29
2007-06-07,27.60,27.70,27.30,27.38,203600,27.38
2007-06-06,27.77,27.80,27.63,27.76,213900,27.76
2007-06-05,27.67,27.92,27.65,27.88,950300,27.88
2007-06-04,27.20,27.75,27.16,27.75,212600,27.75
2007-06-01,27.25,27.52,26.73,27.34,1129800,27.34
2007-05-31,26.99,27.05,26.90,27.00,257200,27.00
2007-05-30,26.75,27.00,26.59,26.98,255300,26.98
2007-05-29,26.80,27.04,26.69,27.00,976200,27.00
2007-05-25,26.61,26.79,26.44,26.69,221700,26.69
2007-05-24,26.68,26.68,26.33,26.47,339400,26.47
2007-05-23,27.20,27.30,26.27,26.67,1276400,26.67
2007-05-22,26.88,27.22,26.80,27.16,640100,27.16
2007-05-21,26.90,27.07,26.83,26.98,409400,26.98
2007-05-18,26.83,27.69,26.49,26.90,1272200,26.90
2007-05-17,26.15,26.85,26.01,26.73,572400,26.73
2007-05-16,25.45,26.23,25.35,26.15,361600,26.15
2007-05-15,25.36,25.75,25.22,25.35,165300,25.35
2007-05-14,25.31,25.53,25.17,25.43,123000,25.43
2007-05-11,25.29,25.45,25.13,25.37,80100,25.37
2007-05-10,25.40,25.54,24.85,25.15,423700,25.15
2007-05-09,25.39,25.66,25.28,25.55,70400,25.55
2007-05-08,25.65,25.65,25.31,25.51,97300,25.51
2007-05-07,25.88,26.01,25.72,25.78,72600,25.78
2007-05-04,26.07,26.09,25.76,25.88,190100,25.88
2007-05-03,26.28,26.90,25.92,25.97,925800,25.97
2007-05-02,25.86,26.43,25.78,26.19,369500,26.19
2007-05-01,25.98,25.99,25.52,25.92,955800,25.92
2007-04-30,25.93,26.01,25.45,26.01,294500,26.01
2007-04-27,25.78,25.97,25.66,25.94,96400,25.94
2007-04-26,25.80,26.08,25.63,25.90,176400,25.90
2007-04-25,26.20,26.20,25.61,25.85,239900,25.85
2007-04-24,26.15,26.19,25.76,26.13,140100,26.13
2007-04-23,26.09,26.20,25.95,26.15,150700,26.15
2007-04-20,26.42,26.42,25.81,26.20,237700,26.20
2007-04-19,25.63,26.05,25.62,25.77,93500,25.77
2007-04-18,25.79,25.97,25.70,25.86,157400,25.86
2007-04-17,26.15,26.22,25.90,25.97,1004200,25.97
2007-04-16,25.78,26.23,25.73,26.20,409100,26.20
2007-04-13,25.38,25.80,25.27,25.74,202000,25.74
2007-04-12,24.96,25.49,24.85,25.43,123900,25.43
2007-04-11,25.26,25.26,24.85,25.11,92700,25.11
2007-04-10,24.88,25.30,24.88,25.19,180300,25.19
2007-04-09,25.15,25.15,24.74,24.88,209500,24.88
2007-04-05,25.08,25.43,24.98,25.17,133200,25.17
2007-04-04,24.64,25.21,24.57,25.14,168300,25.14
2007-04-03,24.91,24.93,24.51,24.58,327500,24.58
2007-04-02,24.78,24.92,24.46,24.86,226500,24.86
2007-03-30,24.99,25.12,24.65,24.73,295400,24.73
2007-03-29,23.92,25.22,23.92,24.96,444000,24.96
2007-03-28,23.45,23.75,23.37,23.46,185800,23.46
2007-03-27,23.49,24.12,23.36,23.57,590700,23.57
2007-03-26,23.63,23.70,23.47,23.60,89900,23.60
2007-03-23,23.84,23.93,23.47,23.66,183600,23.66
2007-03-22,23.80,23.96,23.69,23.77,196800,23.77
2007-03-21,23.68,24.00,23.51,23.70,195100,23.70
2007-03-20,23.50,23.70,22.87,23.60,495400,23.60
2007-03-19,23.69,23.98,23.40,23.50,197900,23.50
2007-03-16,23.53,23.72,23.23,23.56,712900,23.56
2007-03-15,23.79,24.02,23.45,23.47,291400,23.47
2007-03-14,23.78,23.99,23.36,23.69,333200,23.69
2007-03-13,24.19,24.56,23.39,23.78,464900,23.78
2007-03-12,24.10,24.39,24.00,24.32,158600,24.32
2007-03-09,24.27,24.41,24.00,24.10,324500,24.10
2007-03-08,24.49,24.63,24.14,24.17,311300,24.17
2007-03-07,24.55,24.99,24.25,24.30,158500,24.30
2007-03-06,24.55,25.00,24.44,24.47,441500,24.47
2007-03-05,24.33,24.80,24.25,24.25,694600,24.25
2007-03-02,24.78,24.81,24.45,24.51,220200,24.51
2007-03-01,24.64,25.25,24.25,24.95,280800,24.95
2007-02-28,24.84,24.85,24.50,24.65,169000,24.65
2007-02-27,25.13,25.17,24.58,24.85,188400,24.85
2007-02-26,25.40,25.46,25.17,25.28,205600,25.28
2007-02-23,25.75,25.75,25.34,25.37,449800,25.37
2007-02-22,26.02,26.02,25.52,25.75,267100,25.75
2007-02-21,25.77,26.09,25.69,26.05,287300,26.05
2007-02-20,25.55,25.93,25.46,25.93,1137000,25.93
2007-02-16,25.70,26.01,25.33,25.62,332900,25.62
2007-02-15,25.69,26.00,25.38,25.70,154700,25.70
2007-02-14,26.27,26.34,25.65,25.66,619600,25.66
2007-02-13,26.09,26.32,26.00,26.28,130000,26.28
2007-02-12,26.00,26.19,25.80,26.17,339100,26.17
2007-02-09,25.84,26.15,25.81,25.87,577900,25.87
2007-02-08,25.34,25.85,25.30,25.84,304700,25.84
2007-02-07,25.64,25.90,25.15,25.34,408700,25.34
2007-02-06,25.05,25.13,24.82,24.97,256800,24.97
2007-02-05,25.00,25.46,24.96,25.00,238400,25.00
2007-02-02,25.48,25.49,24.98,25.00,261600,25.00
2007-02-01,25.25,25.74,25.16,25.48,417200,25.48
2007-01-31,25.25,25.44,24.71,25.23,267000,25.23
2007-01-30,24.80,25.74,24.31,25.33,504600,25.33
2007-01-29,24.11,24.97,24.10,24.90,386400,24.90
2007-01-26,24.05,24.38,23.58,24.21,332900,24.21
2007-01-25,23.60,24.12,23.50,23.96,335000,23.96
2007-01-24,23.33,23.70,23.24,23.53,84300,23.53
2007-01-23,22.83,23.54,22.73,23.34,143700,23.34
2007-01-22,23.27,23.27,22.54,22.90,204300,22.90
2007-01-19,23.23,23.51,23.10,23.33,73700,23.33
2007-01-18,23.17,23.27,22.76,23.22,122000,23.22
2007-01-17,22.89,23.40,22.85,23.21,124800,23.21
2007-01-16,23.61,23.71,22.78,23.03,172800,23.03
2007-01-12,23.24,23.58,23.14,23.50,81500,23.50
2007-01-11,22.95,23.25,22.91,23.21,82700,23.21
2007-01-10,22.80,23.02,22.70,22.95,86300,22.95
2007-01-09,23.02,23.18,22.56,22.96,85600,22.96
2007-01-08,22.87,23.12,22.50,23.06,234200,23.06
2007-01-05,22.82,22.95,22.63,22.83,264200,22.83
2007-01-04,23.28,23.28,22.54,22.97,267700,22.97
2007-01-03,23.90,24.13,22.67,23.26,465600,23.26
2006-12-29,24.09,24.09,23.73,23.78,132000,23.78
2006-12-28,24.03,24.35,23.89,24.08,112600,24.08
2006-12-27,23.92,24.13,23.83,24.02,188500,24.02
2006-12-26,23.70,23.99,23.34,23.91,114300,23.91
2006-12-22,23.79,23.93,23.58,23.81,69600,23.81
2006-12-21,24.05,24.06,23.64,23.79,153000,23.79
2006-12-20,23.90,24.20,23.90,24.07,197600,24.07
2006-12-19,23.60,23.95,23.39,23.89,192400,23.89
2006-12-18,23.92,23.95,23.46,23.68,229500,23.68
2006-12-15,24.02,24.04,23.57,23.92,202900,23.92
2006-12-14,23.84,24.09,23.75,23.90,199900,23.90
2006-12-13,24.08,24.09,23.66,23.74,185000,23.74
2006-12-12,23.96,24.08,23.63,24.05,164400,24.05
2006-12-11,23.66,24.08,23.57,23.96,278700,23.96
2006-12-08,24.01,24.09,23.57,23.80,253700,23.80
2006-12-07,24.29,24.59,23.82,24.07,327600,24.07
2006-12-06,24.76,24.76,24.21,24.31,342100,24.31
2006-12-05,24.95,25.10,24.79,24.91,315300,24.91
2006-12-04,24.26,24.92,24.11,24.80,362400,24.80
2006-12-01,24.37,24.37,23.78,24.27,317200,24.27
2006-11-30,24.51,24.51,24.25,24.30,295900,24.30
2006-11-29,24.40,24.74,24.15,24.58,282200,24.58
2006-11-28,23.90,24.23,23.60,24.22,409400,24.22
2006-11-27,24.04,24.35,23.65,23.95,347300,23.95
2006-11-24,23.54,24.50,23.54,24.19,126700,24.19
2006-11-22,24.26,24.38,24.12,24.25,116800,24.25
2006-11-21,24.51,24.52,24.01,24.21,192000,24.21
2006-11-20,23.72,24.33,23.62,24.26,484400,24.26
2006-11-17,23.97,23.97,23.60,23.76,259600,23.76
2006-11-16,23.87,24.20,23.25,23.97,492400,23.97
2006-11-15,23.47,24.03,23.47,23.79,349400,23.79
2006-11-14,23.01,23.58,23.01,23.53,363200,23.53
2006-11-13,22.63,23.26,22.59,23.01,391100,23.01
2006-11-10,22.24,23.16,22.24,22.78,577000,22.78
2006-11-09,22.27,22.61,21.91,22.21,405700,22.21
2006-11-08,22.12,22.47,21.93,22.25,209800,22.25
2006-11-07,22.18,22.54,22.10,22.27,488100,22.27
2006-11-06,21.84,22.35,21.84,21.97,474000,21.97
2006-11-03,21.95,22.08,21.50,21.74,420300,21.74
2006-11-02,21.83,22.25,21.83,21.96,306500,21.96
2006-11-01,22.30,22.41,21.96,22.00,208700,22.00
2006-10-31,22.15,22.71,22.15,22.32,211400,22.32
2006-10-30,22.08,22.52,21.88,22.15,464500,22.15
2006-10-27,22.21,22.66,22.18,22.19,497000,22.19
2006-10-26,22.70,23.00,22.29,22.36,476400,22.36
2006-10-25,22.38,22.66,22.29,22.50,293200,22.50
2006-10-24,22.45,22.86,22.00,22.30,360400,22.30
2006-10-23,22.75,23.20,22.43,22.59,427600,22.59
2006-10-20,22.56,23.91,20.25,22.88,2367200,22.88
2006-10-19,24.10,24.36,23.77,23.86,164300,23.86
2006-10-18,24.00,24.19,23.67,24.17,467800,24.17
2006-10-17,23.70,24.02,23.64,23.98,163400,23.98
2006-10-16,23.47,24.06,23.37,23.92,255800,23.92
2006-10-13,23.40,23.84,23.30,23.57,212400,23.57
2006-10-12,23.15,23.31,22.95,23.31,108700,23.31
2006-10-11,23.04,23.25,22.74,23.03,227200,23.03
2006-10-10,23.40,23.47,23.12,23.22,265700,23.22
2006-10-09,23.78,23.78,23.35,23.40,322800,23.40
2006-10-06,23.71,23.88,23.48,23.88,343600,23.88
2006-10-05,23.80,23.92,23.68,23.70,434400,23.70
2006-10-04,23.50,23.95,23.38,23.80,538200,23.80
2006-10-03,23.60,23.83,23.13,23.60,214000,23.60
2006-10-02,23.60,23.81,23.46,23.65,346300,23.65
2006-09-29,23.57,23.86,23.40,23.70,234300,23.70
2006-09-28,23.65,23.80,23.34,23.66,193300,23.66
2006-09-27,23.50,23.69,23.28,23.68,343500,23.68
2006-09-26,23.89,24.00,23.51,23.62,217400,23.62
2006-09-25,23.54,23.84,23.38,23.82,206000,23.82
2006-09-22,23.79,24.00,23.40,23.55,161500,23.55
2006-09-21,23.96,24.34,23.74,23.89,181400,23.89
2006-09-20,23.90,23.92,23.66,23.86,99600,23.86
2006-09-19,23.65,23.76,23.15,23.69,252000,23.69
2006-09-18,23.28,23.67,22.80,23.65,323400,23.65
2006-09-15,23.75,23.87,23.25,23.28,413500,23.28
2006-09-14,23.90,23.90,23.48,23.50,1300600,23.50
2006-09-13,23.69,24.15,23.39,23.94,784200,23.94
2006-09-12,22.72,23.88,22.50,23.44,615500,23.44
2006-09-11,22.35,22.75,22.30,22.62,174600,22.62
2006-09-08,22.26,22.69,22.05,22.53,104200,22.53
2006-09-07,22.04,22.68,22.04,22.29,115300,22.29
2006-09-06,22.98,23.11,22.27,22.35,187200,22.35
2006-09-05,22.50,23.14,22.38,23.08,615900,23.08
2006-09-01,22.50,22.74,22.28,22.49,218700,22.49
2006-08-31,22.30,22.54,22.19,22.33,138000,22.33
2006-08-30,21.75,22.39,21.75,22.20,272700,22.20
2006-08-29,21.70,21.95,21.16,21.74,264400,21.74
2006-08-28,21.65,21.98,21.55,21.63,120200,21.63
2006-08-25,21.55,21.92,21.55,21.65,85700,21.65
2006-08-24,21.50,21.85,21.41,21.67,147800,21.67
2006-08-23,21.79,22.00,21.29,21.46,202200,21.46
2006-08-22,21.72,21.90,21.61,21.76,103200,21.76
2006-08-21,21.75,21.98,21.62,21.68,115100,21.68
2006-08-18,22.11,22.11,21.30,21.83,193300,21.83
2006-08-17,21.30,22.01,21.30,21.94,273100,21.94
2006-08-16,21.84,21.95,21.41,21.82,233000,21.82
2006-08-15,21.90,22.20,21.71,21.84,323300,21.84
2006-08-14,21.64,22.20,21.59,21.65,355000,21.65
2006-08-11,21.70,21.70,21.30,21.54,148800,21.54
2006-08-10,21.05,22.11,20.97,21.77,449300,21.77
2006-08-09,21.00,21.48,20.83,21.21,491400,21.21
2006-08-08,20.70,21.52,20.40,20.79,949600,20.79
2006-08-07,20.72,20.72,20.28,20.35,351700,20.35
2006-08-04,21.18,21.21,20.56,20.89,381200,20.89
2006-08-03,20.35,21.11,20.35,20.93,589300,20.93
2006-08-02,20.98,21.04,20.05,20.49,948600,20.49
2006-08-01,18.80,21.03,18.34,20.80,1041300,20.80
2006-07-31,18.80,19.30,18.80,18.95,152200,18.95
2006-07-28,18.60,19.00,18.43,18.74,203300,18.74
2006-07-27,18.70,19.34,18.26,18.45,334000,18.45
2006-07-26,17.88,18.48,17.81,18.36,499200,18.36
2006-07-25,17.55,18.30,17.55,18.01,401400,18.01
2006-07-24,17.08,17.60,16.90,17.59,911100,17.59
2006-07-21,16.95,17.00,16.59,16.98,247300,16.98
2006-07-20,17.46,17.50,16.88,16.95,366500,16.95
2006-07-19,17.15,17.75,17.15,17.35,245700,17.35
2006-07-18,17.05,17.65,16.76,17.08,414100,17.08
2006-07-17,17.25,17.42,16.85,16.90,359800,16.90
2006-07-14,17.63,18.05,17.25,17.36,198800,17.36
2006-07-13,18.29,18.50,17.44,17.70,470200,17.70
2006-07-12,18.44,19.05,18.18,18.36,274700,18.36
2006-07-11,18.40,18.64,18.23,18.50,429800,18.50
2006-07-10,18.64,19.02,18.30,18.48,147900,18.48
2006-07-07,18.60,18.85,18.30,18.39,124200,18.39
2006-07-06,18.63,18.98,18.35,18.72,324500,18.72
2006-07-05,18.70,18.95,18.40,18.68,168500,18.68
2006-07-03,18.58,18.90,18.48,18.90,67900,18.90
2006-06-30,18.68,19.10,18.27,18.66,404300,18.66
2006-06-29,18.30,18.68,18.25,18.64,187200,18.64
2006-06-28,18.16,18.27,17.87,18.12,198700,18.12
2006-06-27,18.25,18.65,17.92,18.06,342500,18.06
2006-06-26,17.86,18.31,17.69,18.29,611200,18.29
2006-06-23,17.70,17.90,17.30,17.68,288800,17.68
2006-06-22,18.12,18.12,17.39,17.50,355900,17.50
2006-06-21,17.63,18.00,17.45,17.72,404500,17.72
2006-06-20,17.94,18.10,17.55,17.73,201700,17.73
2006-06-19,18.14,18.28,17.80,17.94,340900,17.94
2006-06-16,18.23,18.40,18.08,18.24,957300,18.24
2006-06-15,18.32,18.60,18.06,18.23,813400,18.23
2006-06-14,18.61,19.00,18.13,18.35,329300,18.35
2006-06-13,18.41,19.10,18.06,18.11,228800,18.11
2006-06-12,18.78,19.25,18.62,18.66,114300,18.66
2006-06-09,19.26,19.44,18.68,18.82,180200,18.82
2006-06-08,18.76,19.35,18.68,19.26,409500,19.26
2006-06-07,19.17,19.45,18.94,18.94,218900,18.94
2006-06-06,19.58,19.75,19.06,19.25,302600,19.25
2006-06-05,19.96,20.06,19.36,19.58,544700,19.58
2006-06-02,20.80,20.80,20.08,20.15,201400,20.15
2006-06-01,20.19,20.57,20.19,20.55,305800,20.55
2006-05-31,20.19,20.47,20.03,20.28,382400,20.28
2006-05-30,20.01,20.24,19.65,19.94,313300,19.94
2006-05-26,19.80,20.16,19.58,20.01,259800,20.01
2006-05-25,19.04,19.72,18.97,19.68,498400,19.68
2006-05-24,19.33,19.70,18.79,19.03,867600,19.03
2006-05-23,19.80,20.05,19.21,19.31,796100,19.31
2006-05-22,19.80,20.14,19.50,19.66,333900,19.66
2006-05-19,20.20,20.20,19.61,19.90,320000,19.90
2006-05-18,20.75,20.77,20.15,20.15,327700,20.15
2006-05-17,20.20,20.87,20.16,20.45,567600,20.45
2006-05-16,20.10,20.73,20.10,20.41,270100,20.41
2006-05-15,20.40,20.73,19.90,20.20,375000,20.20
2006-05-12,20.88,20.95,20.51,20.65,207300,20.65
2006-05-11,21.10,21.40,20.93,21.00,174700,21.00
2006-05-10,21.68,21.74,21.06,21.32,228300,21.32
2006-05-09,21.64,21.97,21.56,21.72,385800,21.72
2006-05-08,21.63,22.25,21.62,21.74,220600,21.74
2006-05-05,21.44,21.99,21.33,21.72,223000,21.72
2006-05-04,21.20,21.95,21.20,21.44,301700,21.44
2006-05-03,20.71,21.50,20.71,21.28,502500,21.28
2006-05-02,21.06,21.50,20.80,20.80,618900,20.80
2006-05-01,21.64,22.30,20.80,21.16,423000,21.16
2006-04-28,21.20,21.70,21.19,21.58,186300,21.58
2006-04-27,21.70,21.83,21.30,21.38,284400,21.38
2006-04-26,22.20,22.26,21.40,21.58,737100,21.58
2006-04-25,22.48,22.48,22.15,22.20,154600,22.20
2006-04-24,22.46,22.60,22.20,22.51,277500,22.51
2006-04-21,23.08,23.08,22.19,22.46,320200,22.46
2006-04-20,22.50,22.71,22.25,22.58,544200,22.58
2006-04-19,22.86,23.06,22.80,22.85,211100,22.85
2006-04-18,22.80,23.00,22.60,22.85,768000,22.85
2006-04-17,23.06,23.16,22.47,22.60,453200,22.60
2006-04-13,22.80,23.34,22.76,23.14,168600,23.14
2006-04-12,23.34,23.60,23.08,23.27,210000,23.27
2006-04-11,23.65,23.74,23.29,23.43,152600,23.43
2006-04-10,23.30,23.80,23.20,23.59,369100,23.59
2006-04-07,24.15,24.47,23.44,23.45,518200,23.45
2006-04-06,24.20,24.44,23.89,24.00,120400,24.00
2006-04-05,23.95,24.37,23.91,24.31,313000,24.31
2006-04-04,23.80,24.20,23.78,23.88,254300,23.88
2006-04-03,24.06,24.17,23.63,23.81,187700,23.81
2006-03-31,23.86,24.35,23.75,24.12,228400,24.12
